{"accuracy": [0.599857747554779, 0.8585532307624817, 0.9129525423049927, 0.9388861060142517, 0.9540650248527527, 0.9641653299331665, 0.9711074829101562, 0.9751760363578796, 0.979173481464386, 0.9812931418418884], "loss": [1.355900526046753, 0.44736066460609436, 0.26762452721595764, 0.1865108162164688, 0.13993118703365326, 0.10855849087238312, 0.08938836306333542, 0.07615294307470322, 0.0639396458864212, 0.058599717915058136], "val_accuracy": [0.8262577056884766, 0.9156612753868103, 0.8987593650817871, 0.9475870728492737, 0.9572046399116516, 0.9428067207336426, 0.9520828723907471, 0.9459936022758484, 0.9549852013587952, 0.9623264074325562], "val_loss": [0.5545945167541504, 0.26131248474121094, 0.2975476086139679, 0.15538987517356873, 0.12984654307365417, 0.17831893265247345, 0.16162876784801483, 0.18051780760288239, 0.1553535759449005, 0.1228959858417511]}